{"chunk_definitions":[{"row":19,"row_count":1,"visible":true,"expansion_state":0,"options":{"engine":"r","echo":false,"message":false,"warning":false,"label":"unnamed-chunk-82"},"document_id":"C47FDB44","chunk_id":"cqad36v4h1f66","chunk_label":"unnamed-chunk-1"},{"row":32,"row_count":1,"visible":true,"expansion_state":0,"options":{"engine":"r","label":"read"},"document_id":"C47FDB44","chunk_id":"cwlvtya5l9zx8","chunk_label":"read"},{"row":62,"row_count":1,"visible":true,"expansion_state":0,"options":{"engine":"r","label":"unnamed-chunk-83"},"document_id":"C47FDB44","chunk_id":"cxhrml0kc7po3","chunk_label":"unnamed-chunk-2"},{"row":115,"row_count":1,"visible":true,"expansion_state":0,"options":{"engine":"r","label":"unnamed-chunk-74"},"document_id":"C47FDB44","chunk_id":"chbgjcwgbff9s","chunk_label":"unnamed-chunk-3"},{"row":142,"row_count":1,"visible":true,"expansion_state":0,"options":{"engine":"r","label":"unnamed-chunk-75"},"document_id":"C47FDB44","chunk_id":"cvcajk1j11uwf","chunk_label":"unnamed-chunk-4"},{"row":154,"row_count":1,"visible":true,"expansion_state":0,"options":{"engine":"r","label":"unnamed-chunk-76"},"document_id":"C47FDB44","chunk_id":"cfb24gh6815m3","chunk_label":"unnamed-chunk-5"},{"row":166,"row_count":1,"visible":true,"expansion_state":0,"options":{"engine":"r","label":"unnamed-chunk-77"},"document_id":"C47FDB44","chunk_id":"couklvf7koshq","chunk_label":"unnamed-chunk-6"}],"doc_write_time":1626131864,"chunk_rendered_width":700}