"0",""
"0","operacoes_periodo1 <- sumario_operacoes %>%"
"0","  filter(hora %in% periodo1) %>%"
"0","  group_by(nome, data) %>%"
"0","  summarise("
"0","    temp_media = mean(temperatura),"
"0","    pot_total = sum(potencia),"
"0","    operacao_individual = sum(potencia > 0),"
"0","  .groups = ""drop"") %>%"
"0","    filter(pot_total > 0) %>% "
"0","    group_by(nome, data) %>%"
"0","    summarise("
"0","        temp_media = temp_media,"
"0","        condicao = temp_media > 25.5,"
"0","        pot_total = pot_total,"
"0","        operacao_individual_media = operacao_individual,"
"0","        periodo = ""Manhã"","
"0","        .groups = ""drop"")"
"0",""
"0",""
"0","operacoes_periodo2 <- sumario_operacoes %>%"
"0","  filter(hora %in% periodo2) %>%"
"0","  group_by(nome, data) %>%"
"0","  summarise("
"0","    temp_media = mean(temperatura),"
"0","    pot_total = sum(potencia),"
"0","    operacao_individual = sum(potencia > 0),"
"0","  .groups = ""drop"") %>%"
"0","    filter(pot_total > 0) %>% "
"0","    group_by(nome, data) %>%"
"0","    summarise("
"0","        temp_media = temp_media,"
"0","        condicao = temp_media > 25.5,"
"0","        pot_total = pot_total,"
"0","        operacao_individual_media = operacao_individual,"
"0","        periodo = ""Tarde"","
"0","        .groups = ""drop"")"
"0",""
"0","operacoes_total <- rbind(operacoes_periodo1, operacoes_periodo2)"
"0","  "
"0","sumario_consumo = operacoes_total %>% "
"0","  group_by(nome, periodo, condicao) %>% "
"0","  summarise("
"0","    consumo_medio = mean(pot_total),"
"0","    horas_media = mean(operacao_individual_media),"
"0","    .groups = ""drop"""
"0","  )"
"0",""
"0",""
"0",""
