"0","sumario_final_medias <- sumario_final %>% "
"0","  summarise("
"0","    consumo_ameno_medio_total = mean(consumo_medio_ameno),"
"0","    consumo_severo_medio_total = mean(consumo_medio_severo),"
"0","    horas_media_ameno_total = mean(horas_media_ameno),"
"0","    horas_media_severo_total = mean(horas_media_severo)"
"0","  )"
"0",""
"0","glimpse(sumario_final_medias)"
"1","Rows: 1"
"1",""
"1","
"
"1","Columns: 4"
"1",""
"1","
"
"1","$ consumo_ameno_medio_total  [3m[38;5;246m<dbl>[39m[23m 4158.139
$ consumo_severo_medio_total [3m[38;5;246m<dbl>[39m[23m 5017.862
$ horas_media_ameno_total    [3m[38;5;246m<dbl>[39m[23m 3.639497
$ horas_media_severo_total   [3m[38;5;246m<dbl>[39m[23m 3.721599"
"1",""
"1","
"
