"0","estimativas_raw = read_projectdata()"
"0",""
"0","sumarios = estimativas_raw %>% "
"0","    group_by(sub_category) %>% "
"0","    summarise(hours_estimate_90perc = quantile(hours_estimate, .9),"
"0","              hours_actual_90perc = quantile(hours_actual, .9),"
"0","              hours_estimate_median = median(hours_estimate),"
"0","              hours_actual_median = median(hours_actual),"
"0","              task_performance_median = median(task_performance),"
"0","              .groups = ""drop"")"
"0",""
"0",""
"0",""
"0","no_ex_estimate = estimativas_raw %>% "
"0","    filter(hours_estimate < quantile(hours_estimate, .9))"
"0",""
"0","no_ex_actual = estimativas_raw %>% "
"0","    filter(hours_actual < quantile(hours_actual, .9))"
"0",""
"0","no_ex_performance = estimativas_raw %>%"
"0","    filter(task_performance > quantile(task_performance, .05),"
"0","           task_performance < quantile(task_performance, .95))"
