"0","consumo_raw = read_projectconsumo()"
"2","Warning:"
"2"," Missing column names filled in: 'X5' [5]
"
"0","temperatura_raw = read_projecttemperatura()"
"0",""
"0","consumos = consumo_raw"
"0",""
"0","consumos2 = merge(consumo_raw, temperatura_raw, all.x = TRUE, all.y = FALSE)"
"0","    "
"0",""
"0","glimpse(consumos2)"
"1","Rows: 6,128"
"1",""
"1","
"
"1","Columns: 6"
"1",""
"1","
"
"1","$ data        [3m[38;5;246m<chr>[39m[23m ""04/01/2021"", ""04/01/2021"", ""04/01/2021"", ~
$ hora        [3m[38;5;246m<chr>[39m[23m ""00:00:00"", ""00:00:00"", ""01:00:00"", ""01:00~
$ nome        [3m[38;5;246m<chr>[39m[23m ""Pow-ACBruxaxa"", ""Pow-ACSuporte"", ""Pow-ACB~
$ potencia    [3m[38;5;246m<int>[39m[23m 1776, 2029, 1776, 2029, 2029, 1776, 1776, ~
$ x5          [3m[38;5;246m<chr>[39m[23m ""76;0;0;1776"", ""1700000000003;0;0;2029"", ""~
$ temperatura [3m[38;5;246m<dbl>[39m[23m 22.8, 22.8, 22.8, 22.8, 22.6, 22.6, 22.0, ~"
"1",""
"1","
"
