"0",""
"0","operacoes_periodo1 <- sumario_operacoes %>%"
"0","  filter(hora %in% periodo1) %>%"
"0","  group_by(nome, data) %>%"
"0","  summarise("
"0","    temp_media = mean(temperatura),"
"0","    pot_total = sum(potencia),"
"0","    operacao_individual = sum(potencia > 0),"
"0","  .groups = ""drop"") %>%"
"0","    filter(pot_total > 0) %>% "
"0","    group_by(nome, data) %>%"
"0","    summarise("
"0","        temp_media = temp_media,"
"0","        condicao = temp_media > 25.5,"
"0","        pot_total = pot_total,"
"0","        operacao_individual_media = operacao_individual,"
"0","        periodo = ""Manhã"","
"0","        .groups = ""drop"")"
"0",""
"0",""
"0","operacoes_periodo2 <- sumario_operacoes %>%"
"0","  filter(hora %in% periodo2) %>%"
"0","  group_by(nome, data) %>%"
"0","  summarise("
"0","    temp_media = mean(temperatura),"
"0","    pot_total = sum(potencia),"
"0","    operacao_individual = sum(potencia > 0),"
"0","  .groups = ""drop"") %>%"
"0","    filter(pot_total > 0) %>% "
"0","    group_by(nome, data) %>%"
"0","    summarise("
"0","        temp_media = temp_media,"
"0","        condicao = temp_media > 25.5,"
"0","        pot_total = pot_total,"
"0","        operacao_individual_media = operacao_individual,"
"0","        periodo = ""Tarde"","
"0","        .groups = ""drop"")"
"0",""
"0","operacoes_total <- rbind(operacoes_periodo1, operacoes_periodo2)"
"0","  "
"0","sumario_consumo = operacoes_total %>% "
"0","  group_by(nome, periodo, condicao) %>% "
"0","  summarise("
"0","    consumo_medio = mean(pot_total),"
"0","    horas_media = mean(operacao_individual_media),"
"0","    .groups = ""drop"""
"0","  )"
"0",""
"0","glimpse(sumario_consumo)"
"1","Rows: 16"
"1",""
"1","
"
"1","Columns: 5"
"1",""
"1","
"
"1","$ nome          [3m[38;5;246m<chr>[39m[23m ""Pow-AC1Triunfo"", ""Pow-AC1Triunfo"", ""Pow-AC1Triunfo"", ""~
$ periodo       [3m[38;5;246m<chr>[39m[23m ""Manhã"", ""Manhã"", ""Tarde"", ""Tarde"", ""Tarde"", ""Manhã"", ""~
$ condicao      [3m[38;5;246m<lgl>[39m[23m FALSE, TRUE, FALSE, TRUE, NA, FALSE, TRUE, FALSE, TRUE,~
$ consumo_medio [3m[38;5;246m<dbl>[39m[23m 5108.135, 6253.444, 3580.818, 3978.054, 7432.000, 1935.~
$ horas_media   [3m[38;5;246m<dbl>[39m[23m 3.891892, 3.888889, 3.363636, 3.702703, 4.000000, 3.428~"
"1",""
"1","
"
