"0",""
"0","sumario_consumo_A <- sumario_consumo %>%"
"0","  filter(!condicao) %>% "
"0","  summarise("
"0","    nome = nome,"
"0","    periodo = periodo,"
"0","    consumo_medio_ameno = consumo_medio,"
"0","    horas_media_ameno = horas_media"
"0","  )"
"0",""
"0","sumario_consumo_S <- sumario_consumo %>%"
"0","  filter(condicao) %>% "
"0","  summarise("
"0","    nome = nome,"
"0","    periodo = periodo,"
"0","    consumo_medio_severo = consumo_medio,"
"0","    horas_media_severo = horas_media"
"0","  )"
"0",""
"0","sumario_final <- merge(sumario_consumo_A, sumario_consumo_S)"
"0",""
"0","glimpse(sumario_final)"
"1","Rows: 6"
"1",""
"1","
"
"1","Columns: 6"
"1",""
"1","
"
"1","$ nome                 [3m[38;5;246m<chr>[39m[23m ""Pow-AC1Triunfo"", ""Pow-AC1Triunfo"", ""Pow-ACBruxaxa"", ""Pow-ACBruxaxa"", ""Pow-ACSuporte"", ""Pow-ACSuporte""
$ periodo              [3m[38;5;246m<chr>[39m[23m ""Manhã"", ""Tarde"", ""Manhã"", ""Tarde"", ""Manhã"", ""Tarde""
$ consumo_medio_ameno  [3m[38;5;246m<dbl>[39m[23m 5108.135, 3580.818, 1935.786, 2815.857, 5540.237, 5968.000
$ horas_media_ameno    [3m[38;5;246m<dbl>[39m[23m 3.891892, 3.363636, 3.428571, 3.714286, 3.605263, 3.833333
$ consumo_medio_severo [3m[38;5;246m<dbl>[39m[23m 6253.444, 3978.054, 3373.765, 3444.909, 6779.050, 6277.951
$ horas_media_severo   [3m[38;5;246m<dbl>[39m[23m 3.888889, 3.702703, 3.411765, 3.696970, 3.800000, 3.829268"
"1",""
"1","
"
