{"chunk_definitions":[{"row":19,"row_count":1,"visible":true,"expansion_state":0,"options":{"engine":"r","echo":false,"message":false,"warning":false,"label":"unnamed-chunk-1"},"document_id":"C47FDB44","chunk_id":"cqad36v4h1f66","chunk_label":"unnamed-chunk-1"},{"row":44,"row_count":1,"visible":true,"expansion_state":0,"options":{"engine":"r","label":"read"},"document_id":"C47FDB44","chunk_id":"cqgpiu0l6ymju","chunk_label":"read"},{"row":54,"row_count":1,"visible":true,"expansion_state":0,"options":{"engine":"r","label":"unnamed-chunk-2"},"document_id":"C47FDB44","chunk_id":"celf059gu9c36","chunk_label":"unnamed-chunk-2"},{"row":70,"row_count":1,"visible":true,"expansion_state":0,"options":{"engine":"r","label":"unnamed-chunk-3"},"document_id":"C47FDB44","chunk_id":"ckv56mvb2szmp","chunk_label":"unnamed-chunk-3"},{"row":84,"row_count":1,"visible":true,"expansion_state":0,"options":{"engine":"r","label":"unnamed-chunk-4"},"document_id":"C47FDB44","chunk_id":"ccwesr7m6ypku","chunk_label":"unnamed-chunk-4"},{"row":96,"row_count":1,"visible":true,"expansion_state":0,"options":{"engine":"r","label":"unnamed-chunk-5"},"document_id":"C47FDB44","chunk_id":"cpmdrkuno5kct","chunk_label":"unnamed-chunk-5"},{"row":103,"row_count":1,"visible":true,"expansion_state":0,"options":{"engine":"r","label":"unnamed-chunk-6"},"document_id":"C47FDB44","chunk_id":"cefpy6tv0njrb","chunk_label":"unnamed-chunk-6"},{"row":115,"row_count":1,"visible":true,"expansion_state":0,"options":{"engine":"r","label":"unnamed-chunk-7"},"document_id":"C47FDB44","chunk_id":"c15yzzzycdz0z","chunk_label":"unnamed-chunk-7"},{"row":131,"row_count":1,"visible":true,"expansion_state":0,"options":{"engine":"r","label":"unnamed-chunk-8"},"document_id":"C47FDB44","chunk_id":"ct6vli6f32nb6","chunk_label":"unnamed-chunk-8"},{"row":143,"row_count":1,"visible":true,"expansion_state":0,"options":{"engine":"r","label":"unnamed-chunk-9"},"document_id":"C47FDB44","chunk_id":"cigr99kfwogwh","chunk_label":"unnamed-chunk-9"},{"row":160,"row_count":1,"visible":true,"expansion_state":0,"options":{"engine":"r","label":"unnamed-chunk-10"},"document_id":"C47FDB44","chunk_id":"cq3di4ka79op2","chunk_label":"unnamed-chunk-10"},{"row":171,"row_count":1,"visible":true,"expansion_state":0,"options":{"engine":"r","label":"unnamed-chunk-11"},"document_id":"C47FDB44","chunk_id":"cv9fjhrxaio46","chunk_label":"unnamed-chunk-11"},{"row":181,"row_count":1,"visible":true,"expansion_state":0,"options":{"engine":"r","label":"unnamed-chunk-12"},"document_id":"C47FDB44","chunk_id":"czjej0v2ufg84","chunk_label":"unnamed-chunk-12"},{"row":194,"row_count":1,"visible":true,"expansion_state":0,"options":{},"document_id":"C47FDB44","chunk_id":"csf1ou2kbxxif","chunk_label":"read"},{"row":221,"row_count":1,"visible":true,"expansion_state":0,"options":{"engine":"r","label":"unnamed-chunk-79"},"document_id":"C47FDB44","chunk_id":"cqf4rjh068zl6","chunk_label":"unnamed-chunk-13"},{"row":252,"row_count":1,"visible":true,"expansion_state":0,"options":{"engine":"r","label":"unnamed-chunk-80"},"document_id":"C47FDB44","chunk_id":"coh1yjr8yl3q4","chunk_label":"unnamed-chunk-14"}],"doc_write_time":1626073892}