{"chunk_definitions":[{"row":19,"row_count":1,"visible":true,"expansion_state":0,"options":{"engine":"r","echo":false,"message":false,"warning":false,"label":"unnamed-chunk-13"},"document_id":"E8760F7B","chunk_id":"c71ugpl2km8jr","chunk_label":"unnamed-chunk-1"},{"row":23,"row_count":1,"visible":true,"expansion_state":0,"options":{"engine":"r","label":"read"},"document_id":"E8760F7B","chunk_id":"cucit5qwmk25q","chunk_label":"read"},{"row":29,"row_count":1,"visible":true,"expansion_state":0,"options":{"engine":"r","label":"unnamed-chunk-14"},"document_id":"E8760F7B","chunk_id":"cbflpiqzi44d4","chunk_label":"unnamed-chunk-2"},{"row":43,"row_count":1,"visible":true,"expansion_state":0,"options":{"engine":"r","label":"unnamed-chunk-15"},"document_id":"E8760F7B","chunk_id":"cq1ysab5aoq8d","chunk_label":"unnamed-chunk-3"},{"row":50,"row_count":1,"visible":true,"expansion_state":0,"options":{"engine":"r","label":"unnamed-chunk-16"},"document_id":"E8760F7B","chunk_id":"cmeuob5gz7x7j","chunk_label":"unnamed-chunk-4"},{"row":66,"row_count":1,"visible":true,"expansion_state":0,"options":{"engine":"r","label":"unnamed-chunk-17"},"document_id":"E8760F7B","chunk_id":"crd1u6oypz9w8","chunk_label":"unnamed-chunk-5"},{"row":78,"row_count":1,"visible":true,"expansion_state":0,"options":{"engine":"r","label":"unnamed-chunk-18"},"document_id":"E8760F7B","chunk_id":"cj1f2ls110d7f","chunk_label":"unnamed-chunk-6"}],"doc_write_time":1626040804}